f_id,date,name,gender
1,8/11/2001,Marlo Aston,Male
2,9/5/2003,Lindsay O'Cosgra,Female
3,12/25/2013,Bern Merryfield,Male
4,7/29/2015,Garry Yanov,Male
5,12/28/2011,Ursula Trenfield,Female
6,5/28/2013,Thornton Mc Carrick,Male
7,5/12/2014,Teddi Garrison,Female
8,8/30/2016,Reinald Wisdom,Male
9,8/2/2011,Tremayne Emmanuele,Male
10,9/21/2000,Richart Durbann,Male
11,8/13/2007,Iggy Abrahamowitcz,Male
12,7/7/2014,Sibelle Dyke,Female
13,7/23/2015,Ellyn Brixey,Female
14,6/2/2012,Bearnard Malham,Male
15,5/27/2007,Kahlil Millichip,Male
16,1/13/2001,Buckie Buckles,Male
17,1/10/2003,Yanaton Kitchaside,Male
18,11/13/2006,Johny Syson,Male
19,6/10/2013,Adolph Lardeur,Male
20,7/9/2020,Bridgette Cressey,Female
21,12/29/2012,Carey Pietri,Female
22,5/8/2014,Roby Orta,Female
23,1/14/2016,Kort Ripon,Male
24,3/19/2012,Kylynn Purselowe,Female
25,1/30/2003,Bride Choppin,Female
26,11/7/2003,Merilee Hilhouse,Female
27,8/3/2013,Willi Chuter,Male
28,12/29/2000,Nicolis Corish,Male
29,2/10/2016,Cyndi Janusz,Female
30,7/22/2004,Ransell Watt,Male
31,4/11/2005,Horacio Costelloe,Male
32,1/3/2002,Griffin Peschke,Male
33,8/9/2005,Innis Safe,Male
34,1/17/2005,Glennie Chalmers,Female
35,7/21/2006,Sheeree Bentick,Female
36,6/30/2014,Esta Scading,Female
37,1/17/2008,Concettina Rolfs,Female
38,6/11/2016,Revkah Conew,Female
39,8/24/2016,Addy Giraldez,Male
40,5/9/2012,Lilian Haldin,Female
41,3/26/2018,Mina Jeanel,Female
42,10/31/2001,Odetta Easthope,Female
43,4/5/2005,Sigismondo Doughtery,Male
44,1/11/2008,Annis Hallsworth,Female
45,7/17/2008,Bunny Mearing,Female
46,3/10/2010,Orelia Winny,Female
47,5/26/2012,Melisa Rooms,Female
48,1/19/2018,Rikki Alchin,Female
49,4/23/2019,Erin Shelley,Female
50,3/21/2007,Nollie Swindell,Male
51,2/17/2005,Arny Kirrage,Male
52,10/13/2003,Shandeigh Sarsons,Female
53,12/4/2019,Quintin Pattrick,Male
54,9/29/2001,Dorie Ovitts,Female
55,4/17/2014,Dexter Lisett,Male
56,4/12/2020,Janine Covotti,Female
57,4/3/2002,Sabrina Meekings,Female
58,5/7/2005,Joachim Jordison,Male
59,10/28/2005,Allegra Nacci,Female
60,3/7/2003,Brena Otridge,Female
61,12/16/2019,Hanna Balderston,Female
62,8/31/2010,Nevile Lotterington,Male
63,1/2/2018,Shadow Dracey,Male
64,2/26/2001,Gunner Laux,Male
65,10/10/2003,Nerti Yerby,Female
66,4/7/2017,Natty Treven,Male
67,11/3/2002,Neill Birkhead,Male
68,7/14/2006,Reina Schneidar,Female
69,4/6/2012,Jonah Sign,Male
70,7/16/2004,Arley Backes,Male
71,4/13/2014,Roth Wathell,Male
72,10/6/2005,Ynez Bedford,Female
73,9/24/2010,Tam Bencher,Male
74,8/6/2017,Amerigo Guiducci,Male
75,3/15/2001,Mavis Exer,Female
76,4/13/2004,Rosita Kenen,Female
77,2/8/2007,Zorine Heyburn,Female
78,2/21/2004,Jorey Benois,Female
79,7/23/2009,William Lanfare,Male
80,5/3/2013,Oliy Gidden,Female
81,3/3/2007,Berte Wyeth,Female
82,10/22/2013,Maible Whitehead,Female
83,10/16/2004,Danie Schutze,Male
84,9/22/2013,Rhoda Hedde,Female
85,10/24/2002,Dorey Crone,Female
86,10/11/2011,Cecily Doyley,Female
87,11/17/2009,Avigdor Maving,Male
88,1/23/2014,Hedi Stuckley,Female
89,2/11/2012,Des Andrelli,Male
90,2/19/2020,Francesco Bainton,Male
91,7/13/2013,Kahaleel Camplin,Male
92,2/25/2020,Skye Meaker,Male
93,11/30/2011,Fabe Szymoni,Male
94,4/27/2006,Winny Huntingford,Female
95,7/6/2005,Rosalie Crotty,Female
96,2/9/2020,Care Rickert,Male
97,3/13/2008,Reagan Kimmons,Male
98,4/30/2010,Ruben Chieco,Male
99,9/7/2007,Merle Storcke,Male
100,6/11/2003,Stanfield Schorah,Male
101,2/4/2001,Barr Gornal,Male
102,7/18/2003,Bobbie Manntschke,Male
103,7/1/2004,Rube Brattan,Male
104,3/30/2012,Rickert Colvie,Male
105,7/8/2017,Berkie Bugby,Male
106,6/9/2005,Salomo Farrens,Male
107,3/19/2011,Hayes Kimmerling,Male
108,8/22/2006,Cyndy Tilberry,Female
109,1/10/2005,Jori Fairebrother,Female
110,7/22/2018,Archibald Toretta,Male
111,9/9/2020,Fredrika Bartelet,Female
112,3/22/2001,Caresse Cudihy,Female
113,11/30/2005,Olivier Kopelman,Male
114,10/25/2001,Zacharia Denisard,Male
115,10/24/2006,Emmye Pantridge,Female
116,4/20/2016,Prinz Spray,Male
117,9/10/2006,Finlay Echlin,Male
118,4/3/2009,Noell Finden,Female
119,12/24/2010,Elianora Abela,Female
120,2/23/2009,Lindsey Kynoch,Male
121,7/14/2004,Carlynne Blessed,Female
122,3/4/2007,Ingram Mallinson,Male
123,8/14/2015,Glen Jantot,Female
124,5/7/2006,Maurits Shakespear,Male
125,1/2/2008,Cybill Bein,Female
126,9/28/2011,Boone Vasishchev,Male
127,5/4/2019,Elisa Jerrard,Female
128,12/18/2009,Tymon Gisburne,Male
129,1/22/2018,Edmund Handasyde,Male
130,11/27/2017,Whitby Gudger,Male
131,12/2/2019,Monika Latta,Female
132,10/26/2007,Shadow Yerrell,Male
133,1/28/2018,Petronilla Leghorn,Female
134,8/20/2015,Jeremy Hendrickx,Male
135,2/18/2006,Bernardine Kunat,Female
136,10/1/2018,Arielle Jindrak,Female
137,9/28/2010,Clo Berni,Female
138,7/28/2014,Chaunce Oneill,Male
139,4/6/2008,Dominique Pattle,Male
140,6/13/2009,Lindsay Marcroft,Male
141,1/30/2001,Karylin Wicher,Female
142,4/29/2002,Judy Radbourn,Female
143,1/20/2018,Doyle Gorick,Male
144,8/31/2016,Barris Layfield,Male
145,3/4/2019,Alexandra Gimeno,Female
146,4/28/2019,Waverley Huntingdon,Male
147,3/26/2004,Abramo Ducker,Male
148,7/15/2005,Simeon Drew-Clifton,Male
149,9/23/2017,Courtnay Rosbrough,Female
150,10/24/2000,Scarlet Jory,Female
151,8/27/2006,Sherilyn Kimberley,Female
152,1/11/2011,Roy Iacovielli,Male
153,11/3/2013,Chev Fishly,Male
154,11/18/2018,Aksel Felix,Male
155,4/5/2001,Julia Tuffrey,Female
156,7/18/2010,Silvio Wedmore.,Male
157,10/4/2011,Dianemarie Towers,Female
158,8/5/2019,Ferguson Dellow,Male
159,4/7/2010,Essa Collens,Female
160,7/9/2011,Saleem Kolushev,Male
161,8/25/2011,Lucy Pollastrino,Female
162,3/22/2003,Genny Karet,Female
163,6/22/2003,Perceval Padula,Male
164,12/12/2015,Maryellen Punyer,Female
165,3/28/2018,Concordia Ikin,Female
166,5/10/2005,West Chettle,Male
167,3/21/2003,Dean Philipsohn,Male
168,1/5/2015,Lonny Ferfulle,Male
169,2/20/2005,Wolfy Leedal,Male
170,12/12/2004,Em Wainwright,Male
171,10/12/2000,Averyl Shackle,Female
172,12/14/2015,Randie Tuckwood,Male
173,9/30/2016,Morley Walesby,Male
174,12/7/2013,Hermia Beall,Female
175,6/8/2017,Maude Rolfi,Female
176,12/27/2001,Gates Gimenez,Female
177,7/26/2015,Burr Librey,Male
178,7/12/2007,Hermie Brodhead,Male
179,1/15/2014,Ivette Henrie,Female
180,11/7/2010,Damian Davidsohn,Male
181,6/9/2018,Stanwood Hammerstone,Male
182,4/15/2010,Horatia Layfield,Female
183,12/2/2005,Osborne Grima,Male
184,8/25/2014,Erich Plows,Male
185,1/13/2003,Rodney Mannooch,Male
186,5/6/2015,Ardeen Fatkin,Female
187,1/26/2013,Lin Andree,Male
188,2/4/2003,Jonas Saddington,Male
189,3/26/2008,Ketty Hinkens,Female
190,9/20/2003,Salome Stoate,Female
191,12/3/2018,Lulu Piscotti,Female
192,2/28/2003,Devon Adami,Female
193,1/2/2010,Myrah Burgyn,Female
194,3/28/2001,Galvan Keyson,Male
195,12/3/2000,Gwendolyn Tretter,Female
196,1/28/2004,Tatiana Allicock,Female
197,4/8/2008,Markos Rubel,Male
198,10/6/2002,Lucio Bonder,Male
199,6/14/2019,Morgan Dufer,Female
200,6/1/2020,Virgie Kimmons,Male
201,12/9/2014,Carey Claus,Male
202,7/4/2005,Filmer Pringley,Male
203,8/25/2018,Eliza Edmundson,Female
204,9/5/2014,Althea Moro,Female
205,7/11/2004,Chrissy Staton,Male
206,8/28/2007,Cammi Caygill,Female
207,1/21/2020,Branden Hubbis,Male
208,1/17/2002,Danika Karpfen,Female
209,6/1/2017,Sheila Ive,Female
210,9/30/2004,Peadar Lidstone,Male
211,4/12/2003,Burlie Arrington,Male
212,2/22/2015,Viola Gauge,Female
213,12/11/2009,Christabel Draisey,Female
214,4/23/2004,Odo Desmond,Male
215,9/12/2015,Lovell Coldicott,Male
216,5/10/2002,Whit Stanyforth,Male
217,5/28/2010,Gwyneth Gillyatt,Female
218,12/23/2007,Ned MacAlester,Male
219,1/20/2014,Kelli Napolitano,Female
220,8/28/2016,Maynard Rachuig,Male
221,12/20/2011,Ambrosi Emeney,Male
222,1/31/2012,Dannye Doerrling,Female
223,7/4/2011,Paten Guerola,Male
224,6/28/2006,Van Kenwood,Male
225,6/24/2001,Letizia Coverlyn,Female
226,3/2/2012,Deloria Gherardelli,Female
227,3/25/2013,Vinny Brazelton,Male
228,6/24/2020,Diann Helleker,Female
229,11/27/2019,Udell Miskelly,Male
230,8/2/2005,Dalia Janca,Female
231,5/18/2004,Olly Mish,Male
232,11/30/2016,Forster Gorch,Male
233,9/11/2006,Shea Gaenor,Female
234,9/6/2009,Ellis Elgee,Male
235,6/9/2013,Sibella Denziloe,Female
236,1/10/2001,Pegeen Gummow,Female
237,10/21/2012,Lemmy Jephson,Male
238,12/3/2015,Gennie Dalley,Female
239,2/11/2020,Care Tubritt,Male
240,6/19/2012,Hubert Lewin,Male
241,4/3/2008,Rochell Hacking,Female
242,11/12/2012,Hurleigh MacGaffey,Male
243,8/6/2006,Barde Chisman,Male
244,10/13/2019,Wittie Rothman,Male
245,1/9/2008,Garv Dallicoat,Male
246,1/29/2015,Kipp Merrington,Female
247,7/18/2004,Robinson Scarr,Male
248,12/24/2014,Jarvis Andell,Male
249,2/2/2009,Jemima Jee,Female
250,7/13/2003,Gerick Manjot,Male
251,11/9/2019,Corrie Peert,Male
252,10/23/2007,Darya Luebbert,Female
253,10/29/2008,Delano McNutt,Male
254,5/21/2007,Sinclair Sikorsky,Male
255,11/20/2004,Charlton Edmonds,Male
256,5/28/2016,Alie Coggell,Female
257,5/19/2012,Onida Ventom,Female
258,3/26/2014,Hayes Tirte,Male
259,11/10/2019,Evangeline Kemble,Female
260,10/30/2004,Ursala Chadwin,Female
261,3/31/2013,Dahlia Espinet,Female
262,5/6/2002,Tammi Chrstine,Female
263,2/18/2004,Flossie Saby,Female
264,7/12/2004,Maggie Thew,Female
265,12/12/2000,Anallese Klemps,Female
266,3/12/2009,Perla Lidierth,Female
267,4/6/2005,Dyan Risdale,Female
268,6/17/2016,Olin Pieters,Male
269,2/2/2007,Iorgo Gwilliam,Male
270,8/20/2009,Aeriela Staig,Female
271,10/28/2015,Ketti Ashwood,Female
272,3/12/2006,Harv Polamontayne,Male
273,1/25/2004,Consalve Birks,Male
274,2/2/2014,Shepherd O'Hdirscoll,Male
275,7/18/2005,Gordon Feronet,Male
276,12/10/2005,Sargent Goalby,Male
277,7/12/2009,Shannon Posthill,Female
278,8/17/2010,Jo-ann Gabbitas,Female
279,8/21/2013,Anett Witsey,Female
280,12/4/2018,Nisse Butfield,Female
281,10/1/2008,Bonnibelle Ghione,Female
282,1/16/2005,Clive Bramich,Male
283,10/13/2007,Koral Rubra,Female
284,4/8/2015,Janet Daveren,Female
285,2/7/2020,Rory Gayther,Female
286,1/29/2010,Garrek Sweett,Male
287,1/29/2004,Norman Noor,Male
288,6/22/2002,Krissie Margrett,Female
289,10/28/2002,Alair Theyer,Male
290,12/17/2011,Bobina Lampart,Female
291,7/29/2005,Mikel Milmith,Male
292,11/23/2004,Angel Minocchi,Male
293,2/23/2017,Vallie Tebbut,Female
294,8/16/2011,Orren Fontes,Male
295,11/25/2013,Tobias Mackstead,Male
296,11/19/2007,Jania Bastable,Female
297,7/31/2005,Ax Dehmel,Male
298,9/4/2016,Alexandra Haggie,Female
299,9/30/2007,Barclay Chellingworth,Male
300,10/24/2000,Bernadine Dingsdale,Female
301,7/6/2019,Moss Cadman,Male
302,11/18/2018,Maggy Feaster,Female
303,10/23/2005,Eirena Dun,Female
304,6/17/2010,Reine Tussaine,Female
305,10/25/2019,Suzanne Kirkam,Female
306,2/27/2005,Paige Trippitt,Female
307,6/3/2010,Correna Gammack,Female
308,12/23/2007,Monty Franz-Schoninger,Male
309,9/6/2013,Malena Pizey,Female
310,6/20/2007,Benedetto Espasa,Male
311,7/18/2013,Cyrille Ellings,Male
312,4/16/2005,Thorny World,Male
313,8/30/2016,Druci Wedlake,Female
314,5/10/2001,Evin McMichan,Male
315,11/3/2008,Cammy Cush,Male
316,5/3/2018,Eleonora Scammonden,Female
317,7/23/2020,Marj Reese,Female
318,10/30/2018,Abbe Cristol,Female
319,9/21/2000,Nathanial Panons,Male
320,10/17/2005,Kinny Tanswill,Male
321,4/19/2015,Sonnie Ribey,Male
322,1/17/2014,Abbie Crudgington,Female
323,12/20/2001,Marchall Vigers,Male
324,11/23/2011,Gregoor Vedyaev,Male
325,1/20/2014,Abbot Terry,Male
326,4/5/2010,Rene Sandry,Female
327,1/23/2015,Dosi Kemp,Female
328,12/26/2011,Deena Hamshaw,Female
329,8/10/2002,Ange Swedeland,Male
330,2/12/2015,Leo Pinor,Male
331,2/20/2014,Davina Gammel,Female
332,5/15/2001,Gerald Hulbert,Male
333,8/16/2020,Hollyanne Janouch,Female
334,2/19/2012,Angelika Hallede,Female
335,4/29/2019,Zorah Ranald,Female
336,5/2/2011,Vanda Haville,Female
337,8/12/2008,Orbadiah Simek,Male
338,9/14/2008,Kurtis Denning,Male
339,8/24/2003,Farrand Blacklidge,Female
340,2/19/2018,Indira McCrackem,Female
341,11/20/2015,Fredra Dowbakin,Female
342,8/31/2010,Wyatan Asey,Male
343,3/11/2020,Averyl Durber,Female
344,9/8/2013,Claudia MacNamee,Female
345,4/13/2002,Rickey Cutting,Male
346,5/18/2020,Ellissa Hoggetts,Female
347,5/11/2015,Maxi Bielby,Female
348,8/9/2006,Griswold Wiggington,Male
349,4/3/2008,Joseito Kordt,Male
350,11/26/2014,Arty Solleme,Male
351,11/26/2004,Sue Harlow,Female
352,5/17/2009,Verina Amort,Female
353,4/28/2012,Morrie Tumbridge,Male
354,11/30/2013,Flinn Runnacles,Male
355,3/24/2020,Eldon Bremner,Male
356,12/4/2015,Kassi Tripean,Female
357,4/22/2007,Gladys Tidgewell,Female
358,8/18/2010,Tilly Bucke,Female
359,9/18/2017,Friedrick Nissle,Male
360,9/12/2014,Jesse Lenormand,Female
361,1/14/2007,Byrann Brendish,Male
362,3/13/2009,Bret Sinton,Male
363,8/15/2015,Loreen Gaw,Female
364,4/2/2017,Adriana Surman,Female
365,6/25/2012,Michal Mancell,Male
366,6/24/2004,Paton Spearman,Male
367,6/17/2001,Jess Beminster,Female
368,5/9/2020,Rolland Beazleigh,Male
369,9/10/2015,Radcliffe Gianilli,Male
370,12/6/2019,Kimble Greve,Male
371,1/30/2013,Eadie Bonson,Female
372,7/1/2009,Evelyn Duferie,Male
373,3/13/2008,Nana Bernardon,Female
374,6/1/2016,Berny Armes,Male
375,12/5/2014,Jard Holton,Male
376,6/26/2008,Claudian Merton,Male
377,1/19/2013,Ezekiel Freed,Male
378,2/4/2009,Corney Housiaux,Male
379,6/23/2008,Teddie Blenkinsopp,Male
380,11/10/2004,Perl Shieber,Female
381,11/16/2019,Irvine Writer,Male
382,11/13/2001,Bellanca Caris,Female
383,11/8/2019,Gianina Sillett,Female
384,3/29/2016,Hewie Liggett,Male
385,2/7/2008,Chaddy Gerson,Male
386,12/14/2016,Lynelle Romera,Female
387,5/21/2010,Armand Havill,Male
388,10/10/2009,Bald Harmon,Male
389,1/31/2014,Clarance Dinnington,Male
390,12/2/2006,Quentin Bonwick,Male
391,4/8/2014,Franklin Quigley,Male
392,6/16/2011,Dosi Gilyatt,Female
393,8/19/2020,Mela Robberts,Female
394,12/21/2011,Priscilla Owbridge,Female
395,12/23/2013,Timmi Landeg,Female
396,9/16/2009,Adam Carrick,Male
397,1/8/2020,Conway Abbison,Male
398,3/18/2003,Umeko Haddrill,Female
399,10/6/2012,Wallis Delf,Male
400,9/22/2018,Darell Epp,Female
401,7/31/2008,Aleksandr Laurance,Male
402,8/14/2006,Denna Pady,Female
403,6/12/2017,Wileen Swaddle,Female
404,11/5/2018,Dannie Rowatt,Female
405,10/20/2003,Shawn Rickeard,Male
406,4/15/2011,Marguerite Turvey,Female
407,2/7/2016,Stesha Bauman,Female
408,6/23/2010,Alix Cavee,Male
409,7/30/2019,Pavel Fincher,Male
410,10/17/2010,Winslow Brinkley,Male
411,5/3/2007,Celinda Henstone,Female
412,4/5/2002,Tybie Whitmarsh,Female
413,6/29/2017,Morgana Tarply,Female
414,7/12/2008,Marty Edmondson,Female
415,10/31/2001,Mohammed Bartelot,Male
416,10/5/2002,Catlin Vaughan,Female
417,4/20/2011,Dionne Messruther,Female
418,7/24/2015,Arvie Paddington,Male
419,1/16/2016,Fredrick Greatex,Male
420,10/14/2011,Mathe Goodbairn,Male
421,6/25/2009,Jermaine Rampling,Female
422,4/13/2019,Eva Redish,Female
423,12/17/2009,Mayne Morsom,Male
424,6/4/2009,Paco Dillingham,Male
425,12/10/2010,Rancell Monard,Male
426,12/11/2000,Sophronia Martt,Female
427,9/4/2004,Johnna Amsden,Female
428,12/25/2015,Gisele Ballendine,Female
429,8/23/2010,Edna Wasielewicz,Female
430,11/27/2007,Leonora McKeon,Female
431,11/22/2012,Nil Dumbleton,Male
432,5/9/2019,Christan Reeveley,Female
433,11/29/2005,Stacia Charlon,Female
434,7/17/2014,Jilly Scowen,Female
435,5/22/2013,Trip Tourmell,Male
436,5/26/2013,Nicky Celier,Female
437,8/25/2008,Dyane Pizer,Female
438,5/12/2013,Cathie Adamthwaite,Female
439,6/4/2009,Wake Rodolphe,Male
440,9/27/2006,Tonnie Solly,Male
441,2/24/2014,Royall Eggleton,Male
442,11/17/2014,Lucy Witchard,Female
443,1/9/2006,Michel Askem,Male
444,8/11/2010,Bonnee Scopyn,Female
445,1/3/2005,Buddy Klaessen,Male
446,10/19/2004,Gweneth MacConnel,Female
447,7/21/2017,Kathye Alasdair,Female
448,11/14/2015,Aloin Ingleson,Male
449,8/24/2004,Janelle Rodwell,Female
450,5/18/2001,Gabriel Grundon,Female
451,2/21/2020,Odessa Geely,Female
452,12/23/2002,Melita Meddows,Female
453,5/11/2016,Britni Bruineman,Female
454,10/21/2019,Lilias Manneville,Female
455,10/25/2016,Valentine Kenafaque,Female
456,1/25/2011,Clive Daveley,Male
457,9/9/2007,Malva Wheildon,Female
458,6/18/2006,Worth Conford,Male
459,4/17/2008,Cherianne Balogh,Female
460,8/11/2006,Tierney Volett,Female
461,11/5/2016,Nick Gallimore,Male
462,4/11/2008,Thaddus Dagger,Male
463,10/13/2018,Keelia Haime,Female
464,6/21/2016,Janot Sokill,Female
465,10/26/2018,Budd Rubertelli,Male
466,5/20/2003,Ruy Escott,Male
467,5/3/2012,Joanie Cowley,Female
468,2/8/2008,Akim Comben,Male
469,5/2/2017,Estel Liston,Female
470,10/7/2012,Tristam Pitts,Male
471,10/9/2015,Ingemar Wickersley,Male
472,11/2/2003,Garfield Riedel,Male
473,2/10/2014,Devonne Bickell,Female
474,12/13/2008,Thebault Tale,Male
475,4/13/2006,Minerva Kean,Female
476,9/19/2001,Isis Trewhitt,Female
477,12/24/2007,Edward Clutton,Male
478,8/25/2011,Kaleena Egdale,Female
479,10/10/2012,Nola Dewen,Female
480,4/11/2009,Hagen Joscelyn,Male
481,12/5/2013,Blair Huygen,Male
482,2/7/2010,Anna Renoden,Female
483,4/29/2006,Brucie Prangnell,Male
484,10/16/2010,Adolf Colomb,Male
485,3/5/2020,Neale Slowan,Male
486,12/6/2006,Charlton Broszkiewicz,Male
487,6/30/2009,Tawnya Jolliss,Female
488,6/6/2004,Standford Dollar,Male
489,4/9/2005,Barnard Haverty,Male
490,2/21/2001,Reidar Tickel,Male
491,3/22/2007,Peirce Bidwell,Male
492,2/26/2004,Jessica Gambell,Female
493,9/24/2005,Rikki Holdey,Male
494,5/20/2015,Laurene Probate,Female
495,6/6/2008,Harvey Argue,Male
496,10/11/2007,Abie Lytle,Male
497,4/4/2008,Hi Leivesley,Male
498,6/13/2019,Monah Eskell,Female
499,11/19/2009,Meredeth Muffen,Male
500,10/8/2018,Gage Vayne,Male
501,1/19/2012,Werner Birchwood,Male
502,3/3/2008,Gerick Henken,Male
503,3/24/2014,Lianne Gladyer,Female
504,11/21/2007,Barty Bissatt,Male
505,7/13/2010,Chris Mee,Male
506,1/12/2017,Vaclav Collinson,Male
507,11/9/2018,Raymond Babst,Male
508,9/16/2016,Shirl Donnan,Female
509,4/14/2018,Georgianne Kite,Female
510,3/8/2009,Brigg Casaccia,Male
511,7/29/2009,Philbert Haversum,Male
512,8/13/2007,Rad Boecke,Male
513,5/17/2014,Chip Chalice,Male
514,6/16/2015,Ravid Doring,Male
515,2/8/2015,Rodge Cleaton,Male
516,8/14/2020,Rooney Henstridge,Male
517,9/13/2002,Coralie Jouaneton,Female
518,2/23/2009,Karen Lindegard,Female
519,9/21/2005,Wileen Niessen,Female
520,1/22/2009,Morgana Ianson,Female
521,9/25/2010,Bennie Chew,Female
522,1/24/2002,Lovell Gerding,Male
523,9/23/2015,Gwenni Fontelles,Female
524,11/15/2017,Morry Bidgood,Male
525,8/23/2007,Konstantine MacKonochie,Male
526,9/18/2016,Marin Elsmere,Female
527,2/8/2010,Lorie Strickland,Female
528,5/21/2008,Walsh Mayne,Male
529,1/8/2001,Sanderson Gadsby,Male
530,10/20/2012,Raynard Deboy,Male
531,11/12/2003,Costanza Siggers,Female
532,5/8/2017,Lefty Zoppie,Male
533,4/6/2012,Richardo Prop,Male
534,9/5/2017,Ted Maude,Male
535,9/27/2010,Anatol Icom,Male
536,4/20/2018,Herbie Earthfield,Male
537,10/18/2009,Mercie Gajewski,Female
538,2/26/2019,Durward Vacher,Male
539,3/1/2010,Emile Elsy,Male
540,4/19/2018,Napoleon Jacobson,Male
541,8/30/2005,Rebecka Fevier,Female
542,7/30/2005,Terence Pagel,Male
543,5/11/2003,Venus Grayland,Female
544,11/18/2004,Romain Pree,Male
545,6/5/2006,Benson Batchan,Male
546,8/29/2015,Hayyim Arrigucci,Male
547,8/17/2015,Floyd Tailby,Male
548,6/15/2015,Waylen Kmieciak,Male
549,2/18/2018,Gilburt Pitney,Male
550,1/11/2008,Horacio Sherwin,Male
551,5/30/2012,Yank Sprowle,Male
552,1/12/2013,Salvador McLanaghan,Male
553,2/25/2019,Perla Pidgeley,Female
554,10/20/2007,Ivette Castro,Female
555,7/11/2015,Alanna Edelmann,Female
556,6/14/2002,Brandi Shacklady,Female
557,1/12/2019,Gherardo Swayte,Male
558,1/31/2001,Lisha Hugh,Female
559,10/27/2013,Bernadine Gellert,Female
560,5/31/2011,Florance Caldecourt,Female
561,6/27/2013,Griffith Nutt,Male
562,5/9/2008,Osmund Dillow,Male
563,3/15/2016,Lissy Oaker,Female
564,7/21/2013,Yuri Grief,Male
565,4/27/2020,Shell Eyree,Male
566,5/31/2003,Justino Hooke,Male
567,7/23/2010,Ximenez Vina,Male
568,2/6/2004,Enrique Fader,Male
569,3/7/2017,Ignaz Richen,Male
570,11/14/2004,Leah Winfrey,Female
571,8/14/2004,Angelika Webbe,Female
572,3/9/2001,Allegra Bulloch,Female
573,3/20/2006,Arnold Verrico,Male
574,10/9/2017,Lief Brisson,Male
575,4/18/2001,Britney Worcester,Female
576,6/26/2006,Alejandro Danielsson,Male
577,11/9/2000,Daffie Hevner,Female
578,4/2/2010,Milissent Clew,Female
579,12/16/2001,Eamon Poole,Male
580,6/1/2015,Wade Willoughby,Male
581,3/16/2005,Land Gant,Male
582,11/30/2011,Donnajean Camamill,Female
583,9/26/2011,Rossy Delle,Male
584,10/21/2007,Dudley Kellen,Male
585,6/27/2002,Dori Shubotham,Female
586,11/23/2013,Kaile Sunner,Female
587,10/18/2002,Lockwood O'Dea,Male
588,6/26/2018,Brandtr Marvelley,Male
589,1/5/2008,Brooks Flowers,Male
590,12/27/2018,Arny Trowle,Male
591,4/29/2019,Rockwell Everson,Male
592,11/5/2016,Druci Iacovielli,Female
593,3/17/2018,Nancie Le Galle,Female
594,4/27/2013,Audy Ramsell,Female
595,11/14/2004,Isac Colgan,Male
596,3/11/2004,Dom todor,Male
597,6/2/2012,Benny Matveiko,Male
598,9/13/2009,Margret Bigadike,Female
599,3/16/2013,Ravi Dell 'Orto,Male
600,10/10/2012,Corine Naisbit,Female
601,3/1/2012,Dav Braunes,Male
602,12/29/2017,Maxie Everist,Male
603,1/20/2009,Portia Pratt,Female
604,6/6/2015,Conney Rounsefull,Male
605,4/12/2016,Gaby Caudrelier,Male
606,4/24/2006,Emelyne Whelpdale,Female
607,8/22/2014,Farrell Jerromes,Male
608,11/27/2019,Freeman Tweedle,Male
609,5/12/2016,Merry Reboul,Male
610,8/20/2020,Louie Cortes,Male
611,10/2/2009,Fonzie Da Costa,Male
612,8/6/2013,Ogdon Sponer,Male
613,5/22/2005,Chicky Mc Faul,Male
614,8/3/2020,Ruperta Reasce,Female
615,6/11/2007,Cristian Ansteys,Male
616,2/29/2008,Brewer Kuna,Male
617,6/13/2002,Emerson Paxman,Male
618,9/21/2008,Phip Sabine,Male
619,4/21/2007,Madelle Jakovijevic,Female
620,2/1/2012,Byrle Piddlehinton,Male
621,4/27/2011,Lancelot Carlon,Male
622,8/16/2013,Sayre Ruck,Female
623,2/13/2005,Demetris Baudet,Male
624,1/21/2005,Jandy Riveles,Female
625,4/22/2019,Joli Gilmartin,Female
626,3/11/2017,Frederigo Davidovic,Male
627,10/7/2002,Arley Shaw,Male
628,9/23/2017,Corrine Harlett,Female
629,6/25/2003,Thatch Schaumaker,Male
630,5/2/2015,Rorke Mullaney,Male
631,2/15/2011,Paul Minard,Male
632,4/2/2012,Tana Assinder,Female
633,11/6/2013,Ardeen Puig,Female
634,9/27/2018,Bernardo Skottle,Male
635,12/26/2015,Meghann Lilley,Female
636,11/8/2003,Vivyan Foxcroft,Female
637,9/23/2010,Walden Pietasch,Male
638,11/26/2004,Maxy Isabell,Female
639,10/25/2014,Demetra Stitle,Female
640,5/20/2015,Nicholas Williams,Male
641,4/14/2010,Mohammed Andover,Male
642,7/8/2006,Hannis Bunnell,Female
643,11/7/2005,Davide Brounsell,Male
644,2/7/2019,Fionnula Menguy,Female
645,1/22/2005,Deb Philippson,Female
646,9/24/2006,Galvan Thayre,Male
647,4/5/2011,Haleigh Bristoe,Female
648,9/13/2012,Abeu Caldera,Male
649,12/5/2012,Sunshine Matevushev,Female
650,12/18/2006,Benji Zettler,Male
651,3/24/2020,Malchy Devonport,Male
652,5/8/2016,Cleveland Longfoot,Male
653,9/24/2008,Stacy Massimo,Male
654,5/26/2013,Ivan Ucchino,Male
655,4/16/2016,Marleen Elcocks,Female
656,9/1/2002,Lesley Gerok,Male
657,3/23/2005,Brittani Shiril,Female
658,12/18/2005,Ellerey Camosso,Male
659,3/8/2012,Alexandros Eastwood,Male
660,3/1/2010,Godart Withur,Male
661,7/24/2015,Cathryn Malim,Female
662,1/31/2020,Allianora Van den Velde,Female
663,11/17/2013,Julieta Whisby,Female
664,5/30/2010,Conrade Guildford,Male
665,1/15/2002,Bobbi O'Neal,Female
666,9/10/2019,Brittan Raubheim,Female
667,11/20/2016,Shelby Bernon,Male
668,6/15/2017,Giulia Assur,Female
669,8/25/2002,Byrle Anderl,Male
670,8/4/2011,Domenico MacWilliam,Male
671,9/8/2010,Chen Aldrick,Male
672,9/1/2011,Alyosha Banthorpe,Male
673,1/13/2002,Turner Conan,Male
674,10/15/2004,Milt Edson,Male
675,9/15/2006,Neale Manvelle,Male
676,3/1/2014,Kilian MacCrosson,Male
677,11/23/2002,Alessandra Windmill,Female
678,8/28/2004,Guntar Maddrah,Male
679,8/14/2005,Carl Lundy,Male
680,1/7/2016,Chane Agutter,Male
681,7/7/2006,Dene Pirie,Male
682,10/10/2007,Kristen Seabon,Female
683,10/11/2011,Shari Ashbee,Female
684,11/4/2016,Jen Bell,Female
685,4/22/2019,Marylinda Neild,Female
686,11/20/2005,Leigha Thomlinson,Female
687,1/11/2009,Klement Griffin,Male
688,8/14/2002,Judie Prothero,Female
689,9/30/2009,Ringo Axton,Male
690,4/1/2007,Devonne Aleso,Female
691,10/28/2005,Vincenz Covil,Male
692,12/1/2010,Kristofer Thewles,Male
693,2/28/2008,Brad Bracken,Male
694,12/2/2007,Margie Ashworth,Female
695,11/19/2004,Chere Ludwikiewicz,Female
696,8/13/2018,Monika Gomer,Female
697,6/21/2019,Lenka Blogg,Female
698,8/1/2012,Garvin Klement,Male
699,8/22/2006,Alfie Beevors,Female
700,8/4/2016,Sylvia Peris,Female
701,2/9/2013,Mikkel Beauly,Male
702,8/5/2013,Alene Warrender,Female
703,10/19/2003,Gretta Sandall,Female
704,10/25/2009,Damian Dorkens,Male
705,3/5/2004,Halsy Shenton,Male
706,5/1/2005,Stefano Huband,Male
707,9/17/2002,Munmro Nairne,Male
708,1/30/2019,Raoul Oxlade,Male
709,7/30/2017,Rafaello Schrir,Male
710,11/8/2012,Mano Andraud,Male
711,8/14/2012,Sampson Larvent,Male
712,4/13/2017,Salvidor Sirmon,Male
713,10/24/2002,Barbey Tour,Female
714,2/4/2015,Nyssa Gardner,Female
715,1/26/2004,Sammie Chilvers,Male
716,2/10/2002,Stillman Shutt,Male
717,3/21/2010,Marchall Haugeh,Male
718,1/8/2008,Creighton Lazenbury,Male
719,7/14/2017,Merrill Pedrocco,Female
720,5/21/2004,Cletus Caras,Male
721,9/5/2004,Faun Harvatt,Female
722,7/5/2007,Beryl Sherbourne,Female
723,12/15/2002,Leshia Bousfield,Female
724,11/4/2001,Joshua Marcroft,Male
725,11/23/2017,Merrielle Gunner,Female
726,11/9/2002,Lotta Grimster,Female
727,10/1/2004,Cheslie Gowthorpe,Female
728,9/18/2002,Cathie O'Dowgaine,Female
729,7/21/2020,Edythe Gregoraci,Female
730,1/26/2015,Worthy Jackman,Male
731,4/29/2017,Sondra Kernocke,Female
732,12/12/2019,Bartlet Gaynor,Male
733,9/17/2007,Tierney Abrahmer,Female
734,10/21/2018,Jeffy Mollon,Male
735,10/10/2017,Sheffie Dougal,Male
736,6/29/2012,Robinet Blackwood,Male
737,11/7/2012,Paulo Stair,Male
738,8/31/2001,Sharyl Berkelay,Female
739,9/12/2007,Hyacinth Yurkin,Female
740,7/3/2016,Dennis Tunkin,Male
741,6/4/2014,Mauricio Joyson,Male
742,12/22/2011,Raina Cornall,Female
743,11/26/2007,Murdoch Townshend,Male
744,8/3/2013,Shannen Le-Good,Female
745,6/25/2019,Auroora Blaw,Female
746,2/14/2020,Joann Votier,Female
747,11/10/2009,Pierrette Hadlee,Female
748,10/7/2012,Mort Cuseck,Male
749,8/16/2001,Lenee Strutz,Female
750,4/22/2003,Billy Biggins,Female
751,1/1/2004,Ilka Braunthal,Female
752,10/29/2012,Nadine Yepiskopov,Female
753,2/9/2019,Titus Pelzer,Male
754,3/2/2008,Lynett Burnand,Female
755,4/9/2011,Drusie Buchett,Female
756,8/12/2003,Ozzy Capstake,Male
757,6/19/2010,Marita Lovejoy,Female
758,8/2/2008,Roderich Dobeson,Male
759,1/28/2012,Elsworth Luckes,Male
760,2/15/2006,Harper Kyncl,Male
761,6/28/2016,Jarib Thurlbeck,Male
762,3/24/2013,Urson Klaus,Male
763,12/24/2007,Ricky Greenrodd,Female
764,10/29/2018,Franny Caverhill,Female
765,3/26/2001,Vern Grenshields,Male
766,7/12/2016,Webster Tompkins,Male
767,8/26/2003,Cazzie Colombier,Male
768,1/10/2007,Bondie Kettow,Male
769,5/18/2004,Ira Kingzett,Male
770,7/29/2010,Marketa Manuello,Female
771,10/22/2003,Kenton Holtom,Male
772,9/4/2017,Conn Damrell,Male
773,6/19/2016,Gregg Morena,Male
774,5/7/2005,Willem Evetts,Male
775,1/17/2007,Lorraine Gedge,Female
776,10/6/2014,Sharlene Medland,Female
777,10/16/2002,Lorrin Chasson,Female
778,11/21/2011,Ariel Scutter,Male
779,11/3/2008,Lavinia Cleugh,Female
780,12/27/2013,Karoly Tidcombe,Female
781,12/21/2008,Symon Bodicum,Male
782,9/16/2012,Alvin Unwins,Male
783,5/19/2004,Worth Clemot,Male
784,4/18/2002,Godfry Checkley,Male
785,12/22/2002,Harley Spaxman,Male
786,9/28/2012,Wendeline Hilhouse,Female
787,7/29/2015,Christa Mawson,Female
788,2/17/2006,Josh Mathiassen,Male
789,9/11/2003,Stanford Blinerman,Male
790,5/9/2019,Lars Lydall,Male
791,7/27/2008,Lemmy Lummasana,Male
792,2/9/2009,Tammie Doy,Female
793,9/14/2010,Reggis Hitchens,Male
794,5/31/2009,Mommy Aslam,Female
795,2/15/2008,Arlina Blockley,Female
796,10/26/2016,Elias Cockland,Male
797,11/28/2013,Webster Aloway,Male
798,9/14/2006,Romona Snel,Female
799,7/17/2001,Mae Petruskevich,Female
800,8/27/2013,Yetta Heball,Female
801,4/2/2008,Giraldo Northfield,Male
802,2/11/2011,Hyatt Schleicher,Male
803,11/28/2014,Yale LaBastida,Male
804,7/16/2020,Talyah Lobell,Female
805,8/2/2012,Nancy Kensit,Female
806,7/4/2006,Zora Blaes,Female
807,10/26/2010,Maximilianus Attew,Male
808,6/29/2004,Carroll Camocke,Male
809,6/16/2008,Norine Wardhaugh,Female
810,9/3/2006,Agosto Kleinberer,Male
811,3/5/2012,Jillane Dymoke,Female
812,10/21/2009,Rowland Isitt,Male
813,3/10/2005,Delano Flaherty,Male
814,2/19/2010,Pamelina Pender,Female
815,7/14/2008,Alphonso MacMenemy,Male
816,8/5/2004,Delia Twoohy,Female
817,6/29/2008,Kathi Cosley,Female
818,2/10/2006,Raynor Jouannisson,Male
819,3/19/2006,Annmarie Merlin,Female
820,5/12/2014,Adrian Colleck,Female
821,12/8/2004,Daniel Bulcock,Male
822,1/18/2012,Saxon Franceschino,Male
823,11/14/2014,Eugene Sevior,Male
824,4/22/2018,Freda Adamovitch,Female
825,8/28/2011,Shawn Galia,Male
826,8/9/2005,Rori Braunds,Female
827,10/22/2006,Laurene Kelshaw,Female
828,11/16/2003,Andres Tibbits,Male
829,8/14/2019,Orsola Van der Kruis,Female
830,10/6/2010,Tonya Longina,Female
831,3/11/2017,Edita Clemes,Female
832,9/3/2015,Rozina Jahan,Female
833,4/2/2012,Davin Lanchberry,Male
834,7/17/2010,Marsha Arran,Female
835,5/19/2020,Beverly Whitham,Female
836,3/12/2005,Ty Villa,Male
837,12/12/2006,Brenn Askam,Female
838,9/4/2014,Dulcine Gooderham,Female
839,12/9/2008,Normand Lantaph,Male
840,8/21/2003,Merlina D'Ambrogi,Female
841,11/6/2019,Caroline Relph,Female
842,11/25/2019,Bennie Fawckner,Female
843,4/13/2008,Nancee Facey,Female
844,3/9/2005,Zebulen Lait,Male
845,2/26/2015,Den Worden,Male
846,7/7/2005,Pippa Apedaile,Female
847,4/10/2009,Fairfax Parish,Male
848,2/26/2012,Sile Linggood,Female
849,11/5/2006,Lusa Coldbreath,Female
850,10/24/2005,Jamie Cowley,Female
851,7/21/2007,Bron Zanetto,Male
852,2/4/2012,Nickie Teresse,Male
853,8/12/2007,Jeralee Hathorn,Female
854,9/2/2009,Marys Imlach,Female
855,3/30/2018,Egon Bradneck,Male
856,11/24/2005,Lyndsay Argile,Female
857,8/1/2004,Laurel Maides,Female
858,6/19/2008,Iormina Smidmor,Female
859,6/21/2002,Porter Castelijn,Male
860,3/30/2014,Frants Crookshank,Male
861,7/22/2009,Christabella Ashbee,Female
862,4/16/2004,Monti Barg,Male
863,7/15/2006,Ava Atherley,Female
864,4/25/2005,Michal Hawkslee,Male
865,11/27/2001,Amelie Roskeilly,Female
866,9/22/2009,Blayne Wyer,Male
867,2/9/2010,Allene Valasek,Female
868,10/28/2002,Alan Ramirez,Male
869,9/1/2015,Niko Fain,Male
870,2/9/2012,Daryl Enoksson,Male
871,5/12/2002,Mora Francino,Female
872,8/8/2017,Anton Barkly,Male
873,4/15/2017,Callida Woodman,Female
874,10/14/2016,Cindy Enticott,Female
875,9/23/2001,Sibby Bellew,Female
876,7/30/2020,Christoper Pinnocke,Male
877,3/14/2010,Aloysius Champneys,Male
878,11/8/2018,Jacqueline Curbishley,Female
879,2/12/2018,Eolanda Ranyell,Female
880,11/8/2006,Xenia Eyton,Female
881,5/1/2015,Veronique MacMaster,Female
882,12/4/2018,Juanita Coward,Female
883,12/31/2002,Kirsten Jannaway,Female
884,11/1/2001,Abagail Randles,Female
885,6/7/2016,Cris Allwell,Male
886,6/17/2020,Stacey Gloy,Female
887,10/9/2005,Dosi Hadwin,Female
888,6/24/2016,Francene Ashby,Female
889,8/14/2013,Herculie Mark,Male
890,5/26/2019,Kaleb Yankov,Male
891,12/6/2011,Nye Tomenson,Male
892,1/23/2014,Burg Tonn,Male
893,9/20/2003,Sibilla Paolicchi,Female
894,4/21/2012,Cahra Colthard,Female
895,1/7/2017,Rosie Dallmann,Female
896,7/11/2001,Jillene Boss,Female
897,8/3/2020,Pennie Confort,Male
898,4/29/2007,Vilma Smitherham,Female
899,12/11/2010,Sheba Adenet,Female
900,4/23/2008,Rick Hebbard,Male
901,7/31/2008,Bart Goldhawk,Male
902,3/30/2012,Ase Opie,Male
903,7/29/2020,Miguel Davenhill,Male
904,3/23/2001,Den Moylan,Male
905,4/14/2020,Virge Glanester,Male
906,7/4/2013,Jerrome Wooffinden,Male
907,6/26/2019,Deirdre Braidwood,Female
908,9/14/2007,Asia Vassman,Female
909,6/11/2016,Nikki Cereceres,Male
910,3/21/2011,Linette Duigan,Female
911,12/29/2011,Revkah Jacquemy,Female
912,5/29/2005,Jamey Hilary,Male
913,9/26/2019,Grange Weakley,Male
914,8/16/2015,Maurits MacNalley,Male
915,8/4/2010,Nappy Speaks,Male
916,4/24/2014,Shara Gamblin,Female
917,1/8/2012,Lance Bibbie,Male
918,5/3/2007,Dom Murrum,Male
919,3/4/2002,Jeana Adelsberg,Female
920,5/14/2013,Blinnie Richings,Female
921,6/15/2017,Mildrid Scown,Female
922,10/22/2011,Meier Dinan,Male
923,1/19/2007,Boycie Meeny,Male
924,8/21/2006,Riobard Wyness,Male
925,1/3/2001,Alexis Haimes,Female
926,8/2/2001,Cammy Bryett,Female
927,10/20/2018,Adriena Greatland,Female
928,8/12/2014,Merrie Smillie,Female
929,7/28/2013,Alena Harvey,Female
930,4/5/2020,Brendon Agastina,Male
931,6/13/2016,Angeli Eltringham,Male
932,11/5/2011,Bernardina Lamlin,Female
933,4/30/2014,Jermayne Tallis,Male
934,4/8/2009,Roxi Greatex,Female
935,6/7/2018,Flossie Manicom,Female
936,12/18/2011,Sheela Gregg,Female
937,5/6/2010,Esra Steanyng,Male
938,3/29/2009,Berton Lanceter,Male
939,8/17/2010,Cloe Brooksby,Female
940,10/10/2019,Morry Hinrich,Male
941,4/24/2010,Clayton Ciccarelli,Male
942,7/1/2020,Sigmund Juett,Male
943,11/16/2018,Lusa Squire,Female
944,3/29/2008,Reinhold Benedito,Male
945,4/9/2006,Linnet Croston,Female
946,10/9/2000,Ludwig Durtnall,Male
947,5/17/2010,Dennis Bonefant,Male
948,4/10/2016,Kristopher Caccavella,Male
949,4/6/2020,Theodosia Pagen,Female
950,3/17/2007,Diane Tavinor,Female
951,7/12/2016,Wendel Gorman,Male
952,3/18/2018,Harrietta Robard,Female
953,4/23/2011,Ami Gunthorp,Female
954,9/16/2018,Rouvin Giordano,Male
955,3/21/2004,Whittaker Sawtell,Male
956,10/7/2005,Eleni Browse,Female
957,1/4/2006,Guntar Rilings,Male
958,2/26/2019,Tucky Merigeau,Male
959,3/14/2013,Herbert Grigs,Male
960,3/11/2020,Jenni Speares,Female
961,6/24/2007,Norbie Downie,Male
962,8/15/2005,Zebedee Varren,Male
963,6/3/2003,Hillery Kohring,Male
964,4/6/2017,Shaylah Philips,Female
965,3/21/2011,Doralia Chafer,Female
966,2/9/2004,Corenda Honatsch,Female
967,4/23/2014,Davin Escott,Male
968,8/27/2019,Lindsay Wodham,Male
969,12/21/2013,Had Methingam,Male
970,1/7/2008,Ware Dowd,Male
971,11/25/2016,Leonardo Tanzer,Male
972,2/24/2016,Esdras Fossett,Male
973,3/1/2007,Pavel Mowday,Male
974,1/11/2007,Lanny Havik,Female
975,3/7/2011,Brendis Cooke,Male
976,1/14/2011,Rachele Yurukhin,Female
977,1/21/2020,Corenda Tresler,Female
978,3/30/2005,Fernanda Scarrott,Female
979,7/26/2008,Taddeusz Dickie,Male
980,12/15/2016,Forster Skahill,Male
981,7/14/2015,Zuzana Korejs,Female
982,1/26/2010,Goldia Boocock,Female
983,5/14/2003,Stirling Shopcott,Male
984,9/9/2001,Cyrus Biasi,Male
985,2/17/2011,Frederich Letchmore,Male
986,8/12/2009,Karlis Louw,Male
987,5/16/2004,Mayor Dunkley,Male
988,4/6/2004,Cecilius Van der Baaren,Male
989,7/18/2009,Tait Littler,Male
990,9/29/2012,Adrian Yurkin,Male
991,9/26/2008,Colette Gooddie,Female
992,8/28/2005,Saunderson Evamy,Male
993,4/3/2005,Daven Ungerer,Male
994,11/19/2003,Adriena Paiton,Female
995,11/30/2006,Xerxes Morrallee,Male
996,4/1/2015,Katharine Alyonov,Female
997,12/18/2008,Monte Beloe,Male
998,3/9/2016,Louis Smedley,Male
999,9/30/2016,Albina Bresnahan,Female
1000,9/24/2006,Therese Copplestone,Female
