t_id,first_name,number
1,Graham Mothersole,1416811993
2,Ingunna Vanetti,2086835012
3,Ned Brizland,6129983555
4,Johna Davydkov,6705190185
5,Nils Hickisson,6105179980
6,Gelya Asquith,9971130942
7,Yolanda Buss,5111530132
8,Stevana Begg,7882294593
9,Moishe Bick,1494852359
10,Gloriane Burfitt,3848156684
11,Karalynn Organer,3992702722
12,Rebbecca Laurenz,1149739133
13,Miller Willbourne,2189296078
14,Wolfgang Tofanini,4634818659
15,Nerti McCambrois,8963928619
16,Kevon Lecointe,6131467763
17,Elbertine Gabrieli,2739609929
18,Kayley Kidwell,4545055756
19,Rosetta Rubke,3394538297
20,Drona Sergeant,5856164479
21,Georgia Bond,4182724429
22,Ashley Seath,7833405533
23,Gerardo Bignall,8535745207
24,Gianni Spaule,5039356188
25,Linet Pimblott,4255833077
26,Leeland Bullen,8094765106
27,Eddi Riccioppo,5415450998
28,Taite Tournie,1032414810
29,Sandy McIntosh,6974242277
30,Ninetta Neave,6344207750
31,Rheba Cavie,4791870791
32,Redford Hynam,6854393537
33,Bryn Swanton,6952226737
34,Robby Lewtey,4426361621
35,Elspeth Rudram,1219764972
36,Lion McIlwraith,7208872342
37,Jeane Farens,5434601615
38,Tessy Manhood,7012060462
39,Theo Guihen,2874711865
40,Jeralee Sneezum,6886613536
41,Ronny Lincey,5404366535
42,Rhea Adair,6717663704
43,Wally Hatch,8763779584
44,Yetta Reddoch,5775758180
45,Maurie Eckley,2761921924
46,Ansley Dalgarnowch,8705244534
47,Rustin Hollyard,8214372546
48,Marian Loude,1515901156
49,Waverly Eglington,1411917914
50,Homer Stickford,3943930253
51,Mac State,2688903152
52,Noella Bandey,2872611628
53,Moselle Creane,3041623128
54,Hagen Joselson,1236414682
55,Clari Armatage,2863863955
56,Rubia Phonix,8319367673
57,Jim Vannar,8104158271
58,Monika Yglesia,9458134719
59,Tadd Flory,3188605469
60,Dorene Wattisham,1398155769
61,Gerrie Ollington,1764578643
62,Caty Mustard,9819877547
63,Eilis Beranek,4794749909
64,Yevette Higginbottam,5795829011
65,Grannie Dabnor,4571570398
66,Regan Hicklingbottom,5737149237
67,Tabby Fraser,4173566315
68,Theodor Blackaby,8524996891
69,Meredith Benns,5469079136
70,Hewie Swindell,2322289141
71,Scarface Volette,2016946559
72,Greggory Dank,6407514677
73,Kinnie Raison,9375331756
74,Cecile Effnert,6602911448
75,Paco Waldera,4985532440
76,Daven Peres,9645258697
77,Susann Crowson,5692709189
78,Caressa Fitchell,1589365076
79,Dominique Coveny,6272369488
80,Madlin Dobsons,1735298110
81,Jodi Jaspar,5352967327
82,Inna Glasson,7502324380
83,Moyna Bernholt,7189410889
84,Lemuel Mendus,6993347242
85,Blanch Ellif,6647854665
86,Yehudit Wiltshaw,5669238756
87,Shepard Duguid,2442091497
88,Fredric Brook,9692090610
89,Audry Gudgen,6889522857
90,Deerdre Ramalhete,4191243737
91,Theo Currao,5657043077
92,Gennie Hyslop,4902514352
93,Dal Yanele,5873393469
94,Leshia Slessar,9981848035
95,Bird Welden,9181116275
96,Gennie Senett,7532544386
97,Ezri Scolts,6077207067
98,Ciro Tewelson,3784476013
99,Jarrod Taffarello,4846209222
100,Kelvin D'Errico,9686987584
101,Lil Swannick,3406020590
102,Keefe Jako,5089036427
103,Karoly Gamet,7446564624
104,Irina Kaysor,8201876268
105,Frants Becom,4861808396
106,Katrina Whyborne,2248007674
107,Nestor Everil,8605872191
108,Cassie Roseman,9269861805
109,Cullan Danton,7774398735
110,Rolando Roblett,4956900636
111,Ramonda Wetter,9651718435
112,Bruno Dall,9367964353
113,Addy Mitrovic,7057727081
114,Emelia Applewhaite,6533951089
115,Alfy Maytum,1161899810
116,Saraann Chataignier,3602207175
117,Siward Kivits,9832912633
118,Monica Fermin,3908331681
119,Carr McTavish,8574241791
120,Torey Chung,4002962809
121,Holly Ferguson,4138667498
122,Lorin Folcarelli,5598740697
123,Karoly Ganiclef,9885646659
124,Linn Losbie,5955337369
125,Prentiss Roussell,8968285592
126,Aland Delete,6556962592
127,Loralee Falshaw,6202518130
128,Karly Tschirasche,1969804499
129,Will Swalwel,2126207272
130,Lishe Stowte,4845153869
131,Iolande Montgomery,6347049523
132,Ennis Sarrell,4078853981
133,Obie Ballintyne,4465200787
134,Kingston Cruces,6237968550
135,Norton Rotge,5622325286
136,Ginny Speariett,8838717377
137,Judy Koene,2444081259
138,Krishna Lavelle,8617640803
139,Christean Lansberry,2011202162
140,Linn Newlin,5908039016
141,Burnaby Squibbs,4174761735
142,Ludovico Standfield,9217314143
143,Wilhelm Tinman,5693535118
144,Corby Schulter,2319298650
145,Clotilda Bottrill,4375893620
146,Wilow Lander,1711339651
147,Gabriel Elliff,3407840999
148,Yorgo Swinburn,8472134740
149,Antin Roskelley,5205162737
150,Michele Deards,1665605470
151,Guillaume McGahern,5285291132
152,Hubey Helstrom,5037004092
153,Merwyn Glaze,2986985966
154,Sallee Leathes,1561471572
155,Nealson Parsisson,7937938005
156,Cheryl Flieg,9555880695
157,Ines Garfitt,1917374417
158,Joeann Mewhirter,1731467057
159,Waring de Clerc,1247837201
160,Emmeline Luberto,4136204488
161,Patty Votier,8169500450
162,Aigneis Harback,3449577732
163,Josey Dehm,8072213548
164,Yvette Gaskoin,6344291640
165,Rianon Teece,9236552783
166,Sergio Dumbrill,7814770659
167,Charmane Doppler,4855112945
168,Hulda Imlock,8804715792
169,Ula Dodman,2862878107
170,Georgeanna Peppin,6753889183
171,Chiarra Greatham,3209004403
172,Chane Woodham,9136993990
173,Lynnea Dumbrill,2741747667
174,Maible Mothersdale,8953579472
175,Emyle Unwin,7166286936
176,Gearard Clappson,6175557667
177,Nicky Dami,9656762779
178,Sergio Ratt,3472471562
179,Seward Ewbanche,2714024724
180,Cathrin Diggin,8672980596
181,Chilton Descroix,2485508348
182,Daniele Godding,7009882549
183,Janifer Doag,6585095524
184,Gan Venny,4696604333
185,Brandea Rizzardini,2363801110
186,Bil Drysdall,7991184040
187,Corissa Broodes,6803611481
188,Stanton Dornan,7347898312
189,Gerri Solleme,2922686840
190,Alikee Dyet,7646903565
191,Tiffy Pryell,1595599381
192,Ignacius Tyce,3185793568
193,Lorraine Sunter,7516959675
194,Emogene Benedite,3884088327
195,Fulton Bollon,5577584707
196,Ty Drew,3956210391
197,Vitia Sikorsky,5413821667
198,Gerry Akrigg,5952592984
199,Meggie Mee,5994310369
200,Janeta Rowdell,1682837999
201,Kayle Juniper,6268436379
202,Misty Burchnall,3483319880
203,Wye Clementucci,1248105783
204,Valerye Dring,2611473904
205,Matty Kelberer,1576017860
206,Jillayne Nardoni,4924580926
207,Burty Smartman,6533819685
208,Nananne Lazenby,7797504201
209,Berti Cudmore,6723219781
210,Minetta Amy,9998705870
211,Charin Evenett,1981292464
212,Josi Deller,2282608848
213,Bernardina Whitworth,9786439362
214,Kimble Chatan,2963866102
215,Regan McGibbon,1114642969
216,Daniela Baud,8268993359
217,Sue Marks,1982900288
218,Bernita Poetz,3237075501
219,Maryanne Erie,8744307540
220,Traci Martinson,3697970758
221,Wilburt Mathelon,2825641376
222,Stacy Whickman,2261599877
223,Whitney Simeone,2196478265
224,Tandi Dormand,3294566778
225,Adriane Lorking,8287082645
226,Carr Knowlton,2587208535
227,Franciskus Cholmondeley,1829403479
228,Norene Brumfitt,1982819180
229,Tailor Millea,8731136458
230,Alex Crutchley,7392335675
231,Sherilyn Lynnett,9091392731
232,Merv Raulin,5469071737
233,Giralda Eakens,9692036277
234,Tobye Joire,8236084356
235,Emilie Laxtonne,9031113925
236,Charlotta Simoncini,3398540568
237,Mala Stearne,3096462399
238,Celle Orrocks,3084220291
239,Rivalee Trass,1466698584
240,Elly Idel,8312439656
241,Alene Priel,5859904907
242,Leeland Sinott,1464826997
243,Rowland Jordison,1351297008
244,Tanner Iacivelli,7082029726
245,Zelma Robelow,5177048228
246,Jamaal Victoria,4907166537
247,Kipp Tregonna,8756234769
248,Ebeneser Everix,8443618686
249,Willetta Hendriksen,6278104838
250,Fonz Iorns,1414159455
251,Emili Mulvin,5595246869
252,Valery Cornthwaite,8932426888
253,Kata Sowley,6326648114
254,Riley Croome,9271379328
255,Lanita Doe,3498550679
256,Tull Rushford,4347908456
257,Josefina Jodkowski,5926809809
258,Savina Braun,7683358653
259,Lexine Scamerdine,8942987036
260,Teena Swaite,2205404314
261,Shandee Chatel,6039296609
262,Belicia Barnhart,3888691296
263,Grace Wickey,3378687650
264,Emmett Eagell,8503702656
265,Bayard Saer,2173533953
266,Modesty Barends,1905011152
267,Coralyn Dockwra,8126973047
268,Giustina Sleet,8266141793
269,Curcio Pennetti,9273477264
270,Tristam Sikorsky,5298405340
271,Ilyse Kornilov,5987452967
272,Wes Havill,3322643190
273,Cal Ducaen,3756910383
274,Franny Barkworth,1137442950
275,Ester Iacovides,4901561662
276,Valeda Whyteman,2224292481
277,Jareb Swyne,4907685338
278,Jareb Rollingson,6597690946
279,Karmen Skatcher,8428513317
280,Noe Poff,8738349215
281,Jacenta Haborn,1221425042
282,Mirna Mycroft,2755992312
283,Joyan Durant,7959180111
284,Law Massingberd,4629172902
285,Rossy Tassel,4733497629
286,Barnett Blas,7311133067
287,Clara Gouldstraw,8186273538
288,Heather Ledgerton,8055366331
289,Harlan Lottrington,2995042096
290,Aidan Barends,6058165286
291,Alfy Petschel,2602122492
292,Ardelle Kort,7634097920
293,Gregoor Wrates,4614244220
294,Phyllis Fullylove,1748460722
295,Ferd Leavens,5326836720
296,Alexia Grafton,7946563493
297,Madonna Daubeny,4265658129
298,Sydelle Baselli,3706631036
299,Adolf Andrassy,4422161762
300,Johny Durn,6742705768
301,Charo McKeowon,4787555921
302,Isahella Dollin,1054604376
303,Devonna Artharg,6686664816
304,Geoffry Spellecy,2089468922
305,Ladonna Courson,3862204717
306,Chaddie Libbe,6825743562
307,Gamaliel Maisey,1193698134
308,Xavier Ilett,7377530284
309,Dominique Dibbert,2985040776
310,Etta Flasby,9261367002
311,Leonid Bignell,5899654058
312,Eldon Corbishley,2223635949
313,Donal Roscher,5131914666
314,Tasia Viveash,8239357505
315,Tad Humes,1051689642
316,Abbott Verduin,1639574387
317,Corey Coppledike,8653823185
318,Barri Firbank,8913923773
319,Siegfried Kee,5909275852
320,Horacio Bryce,9826735264
321,Ambrosius Temperley,1874288516
322,Shaw Comettoi,5594780329
323,Tabb Fotheringham,1697598369
324,Ellissa Lettson,4459376868
325,Adele Vamplew,3957039391
326,Adrianna Jaskiewicz,7593822543
327,Roger Lince,3262622238
328,Gisela Makin,7949293884
329,Gunar Tockell,7691632935
330,Hall Lorkin,9318847919
331,Ira Lorrimer,6408411575
332,Elliott Doman,5727333772
333,Athena Wasmuth,6106901874
334,Brodie Ricketts,6487738055
335,Upton Regitz,5897324365
336,Sabrina Setter,2521869735
337,Henrietta Allett,8744409458
338,Christine Wardel,1691028064
339,Sheena Bockler,4501048454
340,Arny Hundal,5402186155
341,Charlena Duckham,9011045054
342,Chandal Iwanowski,9684143787
343,Currey Vincent,6485287610
344,Norry Kiffe,8211205783
345,Catharina Brandom,7029352275
346,Wilfrid Hackelton,8802665647
347,Padgett Markovic,6572862876
348,Gardner Gladhill,8777610131
349,Lydia Franz,4855571305
350,Cherice Steane,9304893764
351,Zolly Hovert,7998005499
352,Pattie Van der Hoeven,1827754844
353,Tera Staunton,6314840273
354,Helaine Brockelsby,8996676071
355,Leonhard McManamen,1391934597
356,Katti Karleman,5997451063
357,Hastie Hamly,3191051823
358,Frants Rawsthorn,7786388048
359,Chad Prisley,8588491939
360,Abby Clemencet,2195003692
361,Jackie Upton,5535787140
362,Lucio Lathan,1243264878
363,Jayme Zoane,7562199035
364,Alexis Noad,2632897147
365,Claudine Hollyard,2408676926
366,Hanni Levene,5753293345
367,Tucker Vasyukhichev,4621637602
368,Abby Yakebowitch,4665228737
369,Fidelio Titterell,1997183794
370,Gianni Twigge,6188381814
371,Terrye Dennington,1532094992
372,Avrom Housego,7969893073
373,Lavinie Beaton,3481845030
374,Letisha Ghelardoni,5959481582
375,Ottilie Sandiford,5774966016
376,Sharity Franies,2548579839
377,Ellary Wilcot,5486013623
378,Bret Haquin,6829691654
379,Halimeda Iacovuzzi,3608338680
380,Ingar Parkins,6931227995
381,Allis Arnet,4723263842
382,Elsi de Keyser,4538436469
383,Charlotta Saywood,1207467318
384,Wandie Norvell,4181275654
385,Flossi Baroux,9021132145
386,Eugenius Beardall,1915320795
387,Lannie Josuweit,8185001654
388,Noam Paulley,6904051261
389,Kelley McVee,1688722392
390,Benni Trollope,2684404741
391,Odey Routh,3635747365
392,Gwenora Barczynski,5128010535
393,Hirsch Gosson,9586692686
394,Koren Mordue,6008902720
395,Augustin Mathe,5142198372
396,Diane Samsin,7192913731
397,Edmund Garmon,7069512137
398,Letta Chazotte,3957854077
399,Evonne Baxstair,5334838836
400,Althea Mc Gorley,5266327566
401,Archibold Morter,3666040590
402,Ronny Antonopoulos,9934437037
403,Carlyn Burd,6494025896
404,Damaris Gibbons,9285040484
405,Caria Prine,8567097750
406,Nevile Daniau,9528080157
407,Dorian Guerrazzi,3428645574
408,Marlena Rosa,6707741851
409,Brittne Verryan,2113277933
410,Ricky Bielfelt,2025756962
411,Tammie Snary,6383872623
412,Estell Scintsbury,4694495496
413,Rois Paumier,7833726198
414,Maribeth Bent,3784411101
415,Nicoli Legh,7775269856
416,Orlan Cleall,2928328208
417,Jessamyn Arch,8882392846
418,Tab Farnell,3366335332
419,Kalinda Instock,1788467629
420,Jade Chadd,1537417103
421,Dall Drable,7942405838
422,Aluino Steeden,5644436500
423,Zed Snewin,1149284180
424,Ignaz Kausche,5993299509
425,Karlen Jaksic,7774280840
426,Sergent Boschmann,8702008776
427,Sayers Hazeldean,8849700096
428,Caryl Griffiths,4943460724
429,Korney Metherell,2114132007
430,Rhona Ambrus,3429345757
431,Jonis Luton,6195125492
432,Odelia Hovey,8832053779
433,Kare Klimes,7973042436
434,Rhody Eye,6021118992
435,Matthias Starcks,6445594422
436,Rebecka Kenington,3269894405
437,Nannette McShea,7212112320
438,Johan Abad,1335217836
439,Buck Bette,6656088034
440,Arabele Siemon,3453775364
441,Goldarina Mould,7668380618
442,Marjie Durbin,7829304942
443,Bert Rowden,4442163613
444,Ole Kattenhorn,4952227880
445,Morissa Preece,3648215244
446,Eal Vannoort,2778186776
447,Brigitta Sigert,1096339233
448,Grover MacLaughlin,8478098801
449,Tess MacDermand,5236903643
450,Corrinne Hawtry,1707562982
451,Oliver Vaux,9275902050
452,Dorris Kinforth,9773510782
453,Lemuel Ridler,4058285189
454,Rea Longthorn,3073662534
455,Crystie Ablewhite,1697229682
456,Kristy Schistl,2273079494
457,Roxi Renish,5119336583
458,Rosy Cunniam,5277957503
459,Herb Rapson,8668644931
460,Cob Adamov,4095845170
461,Madalena Sprigg,5341726608
462,Nadeen Mattis,4961187057
463,Mahmoud Jepperson,6534750389
464,Keri Fawcett,6692373896
465,Melisse Degue,7971660290
466,Rozanna Gabala,6977859290
467,Matthus Lamming,4896848215
468,Alfred Meese,9274735831
469,Cly Redsall,4661167065
470,Corena Dignum,2946144366
471,Celina Blackmoor,6164327126
472,Shandra Garlic,3252566960
473,Olivier Gile,1629140015
474,Allina Cambden,4788650657
475,Dayna Randall,2739596830
476,Xymenes Lea,7052471013
477,Ame Bossingham,1444025946
478,Seymour Southard,9298247940
479,William Shrimptone,2799415008
480,Beckie Norval,9053709152
481,Rena Frandsen,8252193279
482,Corine Rannigan,8576804008
483,Eulalie Inworth,4582741073
484,Rem Shearme,6182687364
485,Molli Zavattiero,2325303130
486,Ame Sturror,7706157537
487,Gretel Stenbridge,3543921277
488,Evaleen Sleeman,6369738697
489,Rey Teck,3133271921
490,Harcourt Spaven,3721765582
491,Cam Tippell,5373991436
492,Timoteo Sellers,3452087886
493,Sigmund Acott,7624853529
494,Bonni O'Mailey,6302787817
495,Bella Ropcke,3972953687
496,Meta Langhorne,9414406002
497,Johnathan Rozea,3804725890
498,Manny Hopfer,2167760061
499,Arabella Eynaud,6094397865
500,Clemmy Haugg,5429785093
501,Tremaine Kid,1339335885
502,Forbes Largen,9687426886
503,Jaquenette Vasyutkin,5877422726
504,Carin Langan,1722694826
505,Stesha Shimwall,2139429953
506,Clemente Snow,9351922632
507,Quinta Pont,8608798891
508,Rees Cromie,2967218629
509,Meghann MacKeogh,9368864768
510,Levy Hercock,1276550786
511,Jacinthe Crawshaw,1644332638
512,Zeb Byram,5077969315
513,Antonio Winspear,3435842071
514,Candice Hows,3382054641
515,Jenilee Thirst,5255430681
516,Karoline Wyles,7896652720
517,Charlean Caughtry,5949908735
518,Patrizius Tackle,7063946735
519,Roma Pritchard,9438382392
520,Mill Wainwright,7725375136
521,Brandice Fulham,7654163198
522,Jess Brushfield,9549340693
523,Zabrina Beel,9383606729
524,Prudence Rountree,8188046747
525,Lilia Simonini,2764397591
526,Ferguson Remmer,9623520535
527,Chance Patmore,7563010562
528,Joni Peerman,6435259659
529,Kaia Harkins,9428577276
530,Hermina Copelli,2394646639
531,Felice Binney,6506505401
532,Corine Spread,5434099211
533,Janice Ashleigh,5158608638
534,Tommie Haywood,1817504452
535,Aliza Pennycuick,5279783704
536,Debee Wessel,3673496356
537,Jennie Button,9601382092
538,Bili Bremner,9862698475
539,Karine Starten,4517961240
540,Lenora Menure,9015899343
541,Ardith Headford,9171944766
542,Roby Austick,7959201850
543,Ainslie Gash,1929107283
544,Saree Grammer,5482049773
545,Giordano Venes,5728145903
546,Albertine Labell,5091945723
547,Irvin Skough,9716571343
548,Colan Raff,7137738022
549,Noam Ferrario,6754390498
550,Ody Keems,5778481479
551,Lian Oleszczak,1819028278
552,Thibaut Cutress,8815064367
553,Venita Farleigh,8776715290
554,Lance Rogerson,4414630853
555,Blair Storek,4329643988
556,Clyve Leppo,3469944271
557,Ryann Haley,3162343642
558,Mason Jeandillou,5151895232
559,Garwin Gofton,5206494962
560,Reube Dumphreys,5941501731
561,Gavrielle Littlefield,7783536528
562,Rosetta Shipcott,9343782680
563,Blinni Wretham,4503411466
564,Forest Broke,4406173810
565,Kaylyn Burnhams,2254002647
566,Tessie Killigrew,1886164918
567,Cassey Woodcraft,1405907017
568,Kandace Follos,5217134764
569,Gerik Irvin,5898027255
570,Nickolai Gumley,3973718268
571,Anthia Heaney,6842086723
572,Sterne Ziem,2266254706
573,Benita Spalls,7133414031
574,Bail Ruggier,1234471455
575,Lib Roke,4439362577
576,Delora Fance,4789830050
577,Caresa Linne,5511402665
578,Rodolph Benge,4907577684
579,Margy Crowd,7235973930
580,Hasty Ridgewell,6102527809
581,Mariellen Dargue,8242420350
582,Maxi Gibb,8151216056
583,Adriane Overstreet,9508451450
584,Cordey Emps,2121129487
585,Kendrick Greenhowe,6897894905
586,Judye Langfield,6975268045
587,Gertrudis Newbegin,4838366867
588,Ludovika Haycox,8935555371
589,Jamey Tibb,7734474682
590,Zollie Morrish,3006209896
591,Aurea Dron,8927780923
592,Kandy MacCaffery,6907869259
593,Zebedee Pratt,7725420614
594,Wilma Ivanilov,1299785986
595,Pattie Oxbie,1423097202
596,Nathan Kilfedder,5435803263
597,Demetre Brazel,7041422141
598,Ardis Leon,9227142249
599,Amabelle Grice,7542218717
600,Marten Battrick,6209661906
601,Horton Meran,8609299788
602,Anselm Childers,3329324270
603,Aggie Hedgecock,9411828429
604,Dunn Dudill,7311398485
605,Guglielma Arington,8318597167
606,Noell Ketchell,8058200809
607,Pippa Larwood,4475828529
608,Toinette Perfect,5748825403
609,Hal Gringley,9933832352
610,Gardener MacTrustam,7598126180
611,Jamaal Donwell,7048864936
612,Hatty Tarbard,3193290464
613,Manda Vasyagin,2551606520
614,Ambrosio Saines,1426297316
615,Fenelia Stonary,6161006698
616,Aloin Newbold,5891256441
617,Cly Bloxsome,1962390825
618,Constancy Dobbing,3702134832
619,Shem Wrankling,8643703963
620,Ellissa Verbeek,1856791196
621,Egbert Seater,7816871533
622,Jocelin McCreath,9877834310
623,Stanleigh Gillow,8621739207
624,Bartholomew D'Antoni,5217781449
625,Tracee Downage,8632062758
626,Heall Boobyer,8344386480
627,Ephrem Gasparro,8671181345
628,Donni Helks,3335518340
629,Minta Orsman,2982226932
630,Matthaeus Boydle,1293412529
631,Bartholomeus Sinnott,9468712314
632,Harbert Hothersall,9867670008
633,Fin Fludder,3906681127
634,Gusta Kissock,7102779707
635,Marris Alesin,1725696733
636,Isaiah Pea,6302067620
637,Wernher Couronne,3245509701
638,Allsun Sevin,3543276345
639,Tannie Stanmore,8557128039
640,Bobinette Rosas,4741778518
641,Henrietta Debney,3484869865
642,Bondie Hughman,1267242961
643,Elladine Spooner,9154159182
644,Kathleen Cisar,6164072096
645,Nathalia Woodrup,7625667632
646,Chryste Hulle,2762310697
647,Myles Jenckes,7358642181
648,Kariotta Cayzer,7998778659
649,Therine Daniells,4539934677
650,Janaya Godleman,9939469976
651,Neddy Kindleysides,3154157158
652,Carline Cassell,3808449371
653,Prinz Biasi,3328078248
654,Elna Crose,1077389311
655,Georas Grigoryov,8531137605
656,Franky Jori,4452156679
657,Davie Coviello,5549536689
658,Oralia Impleton,3124112390
659,Tessi Huddleston,5407274045
660,Marlo McCourtie,5021630374
661,Rudolfo Hansbury,3009766077
662,Kaylee Tertre,2761644218
663,Lanette Baterip,9838886453
664,Udale Lemarie,6339542497
665,Pattin Bricknall,1198642199
666,Gaylene Mackieson,1762435076
667,Ginelle Ablett,9945200517
668,Hermina Doorey,1902662609
669,Maurizio Marten,3486696156
670,Agnesse Rittelmeyer,3673467252
671,Lauryn McCerery,7929461189
672,Virgil Soanes,9296976601
673,Austine Vial,5117142647
674,Kimberlee Swetenham,9024294612
675,Valry Lavrick,8931706739
676,Max Coram,8897302018
677,Marissa Stolberger,4867162549
678,Frederigo MacDonough,6457444295
679,Erv Lawey,9656202493
680,Nickola Carlone,4422641559
681,Devon Shingles,1379501321
682,Wynny Hacket,2818026033
683,Ninnette Ramm,5292308140
684,Shelba Dabs,5954055819
685,Joanna Yakovlev,9013398538
686,Brendan McWhinnie,6852734016
687,Lorene Acum,7996367902
688,Tomlin Calcott,1648407286
689,Arden Clutton,4146213931
690,Bradly Kochl,1678817145
691,Audie Gantley,7828645130
692,Hagen Ferrelli,8088138046
693,Dimitri Guiducci,9937519529
694,Fraze McEttigen,7765225122
695,Amby Emett,3684755252
696,Annabell McAless,9377068167
697,Morgan Francecione,4842034941
698,Bernadette Darrach,5102002027
699,Fernandina Petken,6903346130
700,Mercedes De Goey,2941895046
701,Walton Poad,1225210606
702,Scarlett Beckhouse,4238662940
703,Bord Gifford,9793601815
704,Norris Cargo,1639203260
705,Sean Jachimak,9956134036
706,Benita Woolis,1879747936
707,Cara Reyna,8652540970
708,Amalle Barwise,4174306191
709,Dayle Killingbeck,8033221217
710,Nelle Gaskarth,4315585958
711,Miquela Seamer,7243330600
712,Corina O'Brallaghan,3083070989
713,Nester Huffadine,1181501281
714,Adolph Lodevick,5355294507
715,Gwendolyn Fitt,2094360709
716,Othello Ilyushkin,3204757117
717,Lesya Bush,6917462272
718,Rainer Souster,4077667040
719,Vita Rutty,1653192099
720,Perl Grece,7225289866
721,Crissy Pooke,6164923365
722,Al Ruggieri,9737346686
723,Angelica Eby,8314041241
724,Lane Dinis,2997086880
725,Juana Rohfsen,7648879615
726,Cyndi Rediers,7801893361
727,Odey Marquot,8358850003
728,Rochelle Wrout,9439073572
729,Johannes Renowden,2577840859
730,Mischa Blasetti,5569257401
731,Goran Kirman,6274644504
732,Kassie Huckstepp,5761848950
733,Elizabet Burgwyn,3769313802
734,Andriana Headech,6403411514
735,Korey MacPherson,5721548668
736,Rahel Keepin,4781394515
737,Ward Grealey,9082275090
738,Gayleen Richt,4231017486
739,Dan Tolcher,5666575041
740,Elberta Spellard,3187616900
741,Della Acklands,5742223111
742,Dorotea Tinklin,4494777912
743,Heriberto Galvin,7325615717
744,Shurlocke Clingan,1806007282
745,Dorie Mulqueeny,4838188945
746,Cyril Gernier,1782866216
747,Scarlett Shawel,9852186533
748,Erny Agett,4862175395
749,Claudio Elsie,8393429054
750,Dyane Swyre,3281566900
751,Joellyn Albery,6676121191
752,Julietta Neward,8795759861
753,Armin Godilington,1061259645
754,Chloris Saye,5472791554
755,Seumas Comfort,1322233359
756,Elise Whiley,5932099545
757,Margaretha Sellen,9576164600
758,Shaylah Chawner,1055213541
759,Chelsey Culpen,3016997422
760,Mozelle De Morena,3774463459
761,Gabey Stannard,4952673793
762,Jenine Aubrey,6715413099
763,Vilma Milligan,4009915504
764,Iorgo Holtham,6065969878
765,Jerri Millyard,9055653182
766,Arlan Sedger,6395793587
767,Tiebout McPhelimy,7743541182
768,Court Hooban,2122610610
769,Balduin Server,3139662915
770,Sheppard Mountcastle,6656669185
771,Mandie Stedman,8027243219
772,Deanne Delmonti,8047340955
773,Hayyim Doll,8198478723
774,Renie Rickman,2882362212
775,Maddi Crannage,9463149511
776,Theodoric Millimoe,5874629080
777,Carmen Schoales,8204459384
778,Chancey Addison,2054342195
779,Xerxes Dartan,3916550998
780,Spense Aveline,1263807824
781,Wilona Franciskiewicz,2317850406
782,Vivien Szymon,9901816972
783,Cynthea Connechy,3598946029
784,Demetris Villiers,9024796289
785,Maynard Shankster,9219404451
786,Delinda Gow,9173053930
787,Jennee Hairon,3081728206
788,Ermentrude Scatchard,1513722654
789,Helaina Carlick,4789746165
790,Aubree Flisher,9871849477
791,Corliss Grime,7479006517
792,Ronica Nappin,8086675313
793,Maurene Stangoe,1336790536
794,Clari MacDuffie,4197926717
795,Phebe Wastall,1563128696
796,Patten Skeldinge,9621626066
797,Gretta Crinage,9988436153
798,Leonelle Marsland,9836503420
799,Patrick Malamore,2858291901
800,Lora Goatcher,8339804645
801,Charmian Bleasdale,3324689198
802,Rory Pluck,5791394957
803,Mitch Baptist,6303858237
804,Zaneta Jocic,1743033690
805,Cynthy Archer,6941098870
806,Ricki Nickoles,1239680546
807,Ianthe Gates,6683861594
808,Jessamine Brammer,3504507684
809,Christophe Mitchenson,3018036621
810,Gale Budibent,9922413990
811,Olga Lindroos,8659436548
812,Jerrilee Roach,1199611617
813,Catrina Wigg,6937937889
814,Angil Nowak,7034444550
815,Stevy Trewartha,7605497710
816,Tomaso Gresty,3227955063
817,Darnell Yurinov,5207167006
818,Rey Rix,4014678111
819,Sheree Colbridge,9482843442
820,Valentijn Worsnup,7175308747
821,Ambur Tyreman,4564459659
822,Worden Daymond,1495245930
823,Frannie Mulcahy,8284835301
824,Adara McCurrie,6129590010
825,Carlynne Gerdes,3633250525
826,Sol Palke,7473429844
827,Charlean Yurenin,8891099534
828,Concettina Tayloe,6708709410
829,Rhett Bixley,1665962319
830,Anissa Duff,2771166619
831,Helaine McLarnon,7122195294
832,Pamela Guidelli,3366372627
833,Akim Dougal,6663318922
834,Mitch Ossipenko,8308472212
835,Annmarie McSperron,5284170782
836,Caprice Douty,3322158951
837,Pyotr Pray,3132835413
838,Harriot Battie,3405135263
839,Gil Addams,4218607976
840,Yulma Fulloway,3995708508
841,Madelle Heasman,4179559595
842,Jarrett Allonby,1266433504
843,Fey Nestor,9566111985
844,Aeriel Farebrother,7759213311
845,Kata Ouldcott,9389920091
846,Nico Scothorne,1297648130
847,Korry Troni,8866324566
848,Consalve Martynikhin,9921899267
849,Guillemette Arpino,7143680629
850,Silva Nevitt,9569977127
851,Demetria Budleigh,6584117282
852,Beryl De Freitas,2339975194
853,Felic Goodreid,5741802477
854,Willyt Tollmache,3509608051
855,Ellery Balcombe,2529447902
856,Dorise Mantha,3296308655
857,Antonius Lyston,8138948958
858,Ed House,9781415377
859,Sybille Laurence,9528666038
860,Paquito Balharry,7707724972
861,Emmey Loddon,7486105107
862,Eimile Brasier,9353127582
863,Dusty Hovee,3485092167
864,Roselin Claridge,3037461379
865,Trumaine Lonergan,2631093599
866,Rosaline Huckett,6618093884
867,Raimundo Stansbury,5669030165
868,Pyotr Escalera,3078333131
869,Nert Nelsen,7934747549
870,Marysa Bartosik,2467700646
871,Samson Beare,3022274724
872,Dana Duckham,9724331938
873,Frank Moriarty,7323158838
874,Holli Stoffersen,8614193418
875,Tobe Kohter,9934222869
876,Jackelyn Reignould,5389399602
877,Efren Tewes,2669710205
878,Kermit Lummis,9447415106
879,Sergeant Alywen,9818642776
880,Colly Schleswig-Holstein,8624889339
881,Shena Aronson,1069225560
882,Reina Linggard,7355966885
883,Patton Strelitzki,4358134201
884,Pier Birtwistle,4499759138
885,Leelah Rops,6405184013
886,Stephana Wiltshier,2281423491
887,Jobyna Kitchinghan,2353712031
888,Moe Guyers,1104336749
889,Rikki Worrall,1664995041
890,Isobel Djurdjevic,5964291328
891,Adler Chatband,1052591863
892,Valeda Ksandra,9242374365
893,Marthe Venturoli,2786674161
894,Shanon McFfaden,2766384116
895,Shelbi Maun,3984334115
896,Adena More,9068844087
897,Minne Opie,1504975841
898,Gustav Bancroft,4234268170
899,Minne Noblet,6831654527
900,Myrtie Traynor,7616264733
901,Cointon Cameron,4888626237
902,Chrissy Unthank,3971817512
903,Nial Chrystal,4304462017
904,Halie Mudle,2144166092
905,Esther Ketton,2583622793
906,Jemmie Reignard,2386559112
907,Herc Longea,6469722256
908,Del Wabersinke,3433798785
909,Dyan Lanchberry,3259094079
910,Ham Tithecote,6958032746
911,Rosetta Nertney,2734631260
912,Brian Coggings,2202406892
913,Roddie Frede,5702174852
914,Burg MacCarter,3712772764
915,Peadar Malkin,7159593911
916,Harris Ussher,8804330405
917,Christiano Franseco,3193717423
918,Eberhard Garvagh,7245651372
919,Mala Esley,2155875790
920,Derward Rutley,1069149828
921,Joelynn Heimann,6885504730
922,Virginie Ditt,9948101645
923,Jeth Wyse,5649232037
924,Lind Curnucke,2246485430
925,Dolf Nouch,4422847535
926,Constantin Lathaye,3589107783
927,Casar Plackstone,4943061943
928,Jacklyn Newens,1958047115
929,Kacy Patek,3445856322
930,Erie Jepensen,2385304007
931,Candy Kensy,2667440558
932,Kattie Burtwell,6039858792
933,Danit Finlaison,4341057440
934,Albie Kier,5567653206
935,Angil Bain,7868928195
936,Maybelle Khristoforov,4598416409
937,Genvieve Melrose,2094425112
938,Brooke O'Dyvoie,8528675106
939,Tobie Mannakee,2608308725
940,Jarid Jannex,1583329075
941,Rozelle Toll,2152457706
942,Bryan Slegg,8125471433
943,Burton Scotchbourouge,9116208711
944,Darwin Sach,9898090025
945,Alverta Caw,8688385038
946,Victor Simounet,4865759407
947,Lind Aseef,1054664167
948,Riki Manssuer,7106736855
949,Cozmo Brockington,3757682077
950,Hamlen Abade,4366309055
951,Dita Fillan,8945609492
952,Sauncho Cattellion,4322562532
953,Kean Repper,8382372126
954,Meara Clamp,4973274741
955,Pollyanna Dashper,7596209409
956,Danila Densey,1416195292
957,Simmonds Poser,4224491689
958,Selene Shemwell,8736557136
959,Dagny Rottery,8702154848
960,Angeline Petrillo,7225031482
961,Merrick Snartt,4031511416
962,Edgar Cusiter,1439409823
963,Elliot Gentreau,6635045385
964,Madlen Marjoram,6514015584
965,Shea Partington,8136854586
966,Timoteo Landal,8158760118
967,Zeke Sieghart,8171470600
968,Daisi Barhem,3877733224
969,Horacio Bolderstone,1635538015
970,Creigh Snyder,8591165446
971,Marena Calvert,2749699457
972,Michel Bauman,5089003360
973,Gabriello Shieldon,7932292872
974,Ashien Kapelhoff,1898706474
975,Marcos Mellonby,3089841465
976,Ros Chatell,7793008267
977,Deeann Sondon,2153128550
978,Averill Gypson,4459759237
979,Angus Shepperd,6182952404
980,Edy Savidge,8338575712
981,Norry McCrisken,3603094302
982,Hercules Wimms,4676424082
983,Leese Pablo,8701115382
984,Glennis Middlehurst,9906075896
985,Brandais Morewood,1153728178
986,Kathe Clynter,4107674488
987,Urbanus Guerin,3307262012
988,Tiffie Millsom,6715720012
989,Caitrin Proudman,4669130608
990,Niccolo Rochford,4022870625
991,Hendrik Pentony,4993542681
992,Bettye Castilljo,4088919390
993,Edouard Pecey,4615814667
994,Jillie Sneezem,1342139681
995,Maureene Scarr,7316613191
996,Teddie Eddies,2522010100
997,Lyndy Ruddoch,8423856922
998,Elsa Cristofanini,1132322742
999,Gabriel Tue,9527298392
1000,Vidovic Hauck,6826549859
